ip_src,ip_dst,src_port,dst_port,protocol,duration,packet_count,total_bytes,fwd_packets,bwd_packets,fwd_bytes,bwd_bytes,packets_per_second,bytes_per_second,avg_packet_size,syn_count,ack_count,fin_count,rst_count,start_time,end_time
192.168.1.100,93.184.216.34,59083,80,TCP,0.0003161430358886719,5,379,4,1,339,40,15815.625942684766,1198824.4464555052,75.8,2,4,0,0,1769868534.613056,1769868534.613372
192.168.1.100,93.184.216.34,53611,80,TCP,0.0002789497375488281,5,379,4,1,339,40,17924.37606837607,1358667.705982906,75.8,2,4,0,0,1769868534.613486,1769868534.613765
192.168.1.100,93.184.216.34,57883,80,TCP,0.0005700588226318359,5,379,4,1,339,40,8771.024675867839,664843.6704307821,75.8,2,4,0,0,1769868534.613883,1769868534.614453
192.168.1.100,93.184.216.34,55762,80,TCP,0.0002760887145996094,5,379,4,1,339,40,18110.120898100173,1372747.164075993,75.8,2,4,0,0,1769868534.614563,1769868534.614839
192.168.1.100,93.184.216.34,61476,80,TCP,0.00027489662170410156,5,379,4,1,339,40,18188.65568083261,1378700.1006071118,75.8,2,4,0,0,1769868534.614948,1769868534.615223
